42665251,Helen,Valenzuela,40,facilisis@a.net,49099703,Tokelau,Brussel
30984803,Justin,Camacho,84,dapibus.ligula.Aliquam@nonnisi.org,14102916,Albania,Frankston
6643101,Paul,Brennan,80,convallis.erat@loremluctus.com,33478371,Namibia,Sint-Joost-ten-Node
37148442,Kennedy,Reyes,54,molestie.in.tempus@luctus.com,12059401,Curaçao,Multan
36821123,Hashim,Woodward,69,lectus@cursus.com,20431319,Colombia,Burgos
8073030,Jessica,Everett,52,Nam.ligula.elit@blanditenimconsequat.edu,61022897,Dominica,Istanbul
39909540,Evan,Snyder,46,Sed@imperdietnonvestibulum.com,63126824,"Virgin Islands, United States",Hengelo
41745462,Maris,Greer,40,nec@neque.com,61065290,Slovenia,North Battleford
9424358,Brianna,Whitfield,98,rhoncus@natoque.edu,15082672,Jersey,Episcopia
29962712,Xavier,Douglas,37,convallis.est.vitae@laoreetlibero.com,11148756,Andorra,Armidale
31731584,Jelani,Pollard,17,consectetuer@lobortisClassaptent.edu,19257731,Monaco,Augusta
33595604,Hiram,Franklin,75,urna@dictumcursus.com,25138363,Uzbekistan,Terzorio
7333831,Victor,Dillard,68,tincidunt.tempus@mi.net,53449113,Reunion,Forio
44366069,Carson,Parsons,46,vestibulum.Mauris@vitae.co.uk,70277589,Ghana,Vorst
13816220,Stacy,Preston,73,fringilla@Phaselluselitpede.org,18773674,Indonesia,Seattle
33761286,Hadley,Sandoval,77,vestibulum.neque.sed@interdumliberodui.net,51726613,Cyprus,Afşin
35580880,Callum,Roberson,55,facilisi.Sed@euismodest.net,13141797,Montserrat,Qutubullapur
14371382,Britanney,Roberson,84,non.luctus@vestibulumnec.com,35029789,Cayman Islands,Bridge of Allan
37126687,Addison,Harrington,74,risus.Donec.egestas@egetodioAliquam.ca,63371853,Malawi,Baltimore
5115499,Caesar,Ballard,48,iaculis@Nullatinciduntneque.ca,37118655,Colombia,Lanaken
28254838,Maxine,Warren,42,sem@enimcommodo.net,69349864,"Saint Helena, Ascension and Tristan da Cunha",Stary Oskol
46034862,Ifeoma,Lopez,87,eget@sit.com,35727243,Aruba,Gimhae
24297227,Nomlanga,Nicholson,57,magna.tellus.faucibus@Nunc.com,29755292,Åland Islands,Rigolet
22814548,Donovan,Gregory,78,id.ante@miAliquam.net,57353623,Burundi,San Carlos
41417229,Wynter,Walters,43,dui.semper.et@est.co.uk,86686418,Saint Lucia,Montecarotto
6759332,Yoshio,Waters,76,erat.nonummy.ultricies@nasceturridiculus.com,52466708,Nicaragua,Hoorn
14288911,Dai,Garza,26,hendrerit.Donec@pellentesque.org,41187361,Senegal,Giurdignano
41654828,Zephania,Mcintyre,53,Mauris.blandit.enim@velitCraslorem.net,07278760,Nicaragua,Neerheylissem
9481060,Igor,Richards,57,turpis.non@nulla.com,56007059,Guernsey,Sobral
28740781,Lydia,Lancaster,53,ligula.eu.enim@massalobortis.edu,44959503,Rwanda,Sombreffe
15573101,Donovan,Kennedy,44,Vivamus.rhoncus.Donec@eu.edu,79014859,Saint Lucia,Dannevirke
47164504,Asher,Vasquez,85,Quisque.tincidunt@Vivamusnonlorem.edu,45242704,Malta,Carnoustie
18536787,Robin,Alvarado,48,hendrerit.a.arcu@congueturpisIn.edu,77523829,Bangladesh,Itegem
47688438,Blaze,Armstrong,60,nisl.Quisque@InfaucibusMorbi.com,18810451,Afghanistan,Sahiwal
42349541,Amela,Nguyen,35,nec@atpede.ca,96314825,Suriname,Appelterre-Eichem
9784415,Armand,Carey,27,sit.amet@laciniaSedcongue.org,10858454,Chile,Inverurie
14613512,Upton,Holmes,61,velit.dui.semper@pellentesquetellussem.org,72545713,Macedonia,Santiago
32885904,Stewart,Greene,42,vitae.aliquam@enim.ca,67733184,Holy See (Vatican City State),Jemappes
9620844,Hammett,Santiago,69,et.netus@lorem.co.uk,61198746,Paraguay,Belford Roxo
28152274,Hillary,Trevino,52,morbi.tristique@cubilia.co.uk,87759756,Russian Federation,Saratov
24192325,Iris,Bean,56,mauris.erat@sedtortor.com,59003944,Pitcairn Islands,Kington
32691954,Mercedes,Norton,32,Nunc.ullamcorper@Morbinequetellus.org,81946085,British Indian Ocean Territory,Rekem
7829452,Kiayada,Emerson,96,pede.ac@erategetipsum.net,24178608,Côte D'Ivoire (Ivory Coast),Hearst
27648269,Gray,Shaffer,87,consectetuer.rhoncus.Nullam@Nunc.ca,99709482,Saint Kitts and Nevis,Itanagar
20907275,Mason,Estrada,33,magna@consectetuermaurisid.co.uk,24947635,Nigeria,Cambridge
9285621,Hope,Steele,48,placerat.orci.lacus@lorem.co.uk,30294077,Botswana,Bazel
16943582,Tanisha,Roman,71,taciti.sociosqu.ad@maurisIntegersem.co.uk,49138903,Brunei,Kitchener
28100956,Kelsey,Avila,50,ante.iaculis@consequatlectus.org,18629065,San Marino,Pabianice
27737678,Kessie,Dickson,97,a.ultricies@egestasDuisac.co.uk,51504774,Burkina Faso,Bolzano Vicentino
50374146,Nell,Alford,35,Cras@atfringillapurus.com,64155148,Turkmenistan,Rueil-Malmaison
11620745,Alfonso,Rowland,54,dolor@quislectusNullam.edu,85009907,Bermuda,Mora
11789526,Kylee,Henry,47,Phasellus.libero.mauris@sed.com,12349942,Saint Kitts and Nevis,Eindhoven
24504866,Shoshana,Ellis,38,Cum@loremluctus.net,47609384,Vanuatu,Gonnosnò
38146524,Jacqueline,Ayala,84,euismod.enim@feugiatSednec.ca,71421683,Ireland,Rivello
45194994,Yoshio,Oneill,25,Fusce@a.com,97538880,"Palestine, State of",Castle Douglas
19280745,Hadassah,Larson,82,gravida@vehiculaaliquet.com,83374396,Indonesia,Cefalà Diana
29430107,Martha,Reynolds,83,ipsum.dolor.sit@In.net,47728094,Angola,Arica
45117180,Maia,Bonner,30,arcu@id.net,28219005,Morocco,Merzig
23654073,Illiana,Nieves,69,et.netus.et@elitEtiamlaoreet.ca,50806526,Hong Kong,Wabamun
40919887,Jamal,Armstrong,89,Donec@nibh.org,10745545,Belarus,Athens
7774204,Armand,Soto,47,convallis@velsapienimperdiet.net,31379405,Western Sahara,Ulhasnagar
44628440,Maisie,Nelson,37,suscipit.nonummy.Fusce@sagittis.org,90029512,Uzbekistan,North Bay
20346330,Aidan,Parker,57,nascetur.ridiculus@mauriselitdictum.edu,99621864,Jersey,Sant'Angelo Limosano
27604533,Gail,Branch,20,lectus.convallis.est@egestasnunc.com,89029349,Trinidad and Tobago,Kelso
36733993,Bert,Goff,29,sit.amet@pharetraQuisque.com,14941016,"Congo, the Democratic Republic of the",Castellana Sicula
30348382,Joelle,Bartlett,70,vitae.semper.egestas@loremDonec.com,42381197,Angola,Kerkrade
33720768,Mollie,Dodson,49,in@velitdui.com,18156301,Luxembourg,Manizales
48209811,Kareem,Kelly,43,luctus.ipsum.leo@mattisornarelectus.ca,78470665,Heard Island and Mcdonald Islands,Medan
34337537,Noble,Lucas,76,congue.elit@fringillaDonecfeugiat.org,33106350,Bermuda,Issime
20627563,Molly,Barber,55,Praesent.luctus@Uttincidunt.org,83767414,Congo (Brazzaville),Manchester
40065957,Brady,Blair,83,Nunc.mauris.sapien@elitNullafacilisi.com,38368225,Saint Kitts and Nevis,Port Alice
45273472,Amy,Hartman,42,Integer.mollis.Integer@Maurisblandit.edu,48695084,Libya,Savannah
10496589,Forrest,Travis,23,et.ipsum@imperdietornare.com,54076011,Kazakhstan,Clare
12030659,Vladimir,Carney,51,Aenean.gravida.nunc@eratsemperrutrum.edu,27704525,Laos,Carlton
7083053,Cathleen,Cruz,17,velit.Pellentesque.ultricies@non.net,65974331,Bangladesh,Filot
24826210,Deirdre,Padilla,39,adipiscing@Donecnon.com,72931532,Australia,Bienne-lez-Happart
15638957,Alden,Walsh,50,Vivamus.molestie.dapibus@magnisdis.ca,86267096,Micronesia,Amroha
8263324,Blythe,Stafford,77,mus.Donec.dignissim@Fuscediamnunc.com,22335255,American Samoa,Tando Allahyar
31778455,Doris,Hickman,99,ornare.egestas.ligula@metuseuerat.co.uk,55373587,Greenland,Crowsnest Pass
34609713,Ginger,Lott,28,adipiscing.elit@Infaucibus.org,85813530,Micronesia,Montoggio
8405439,Astra,Rosales,64,urna.Ut.tincidunt@feugiattelluslorem.com,65722601,Jordan,Calarcá
27067551,Yoko,Christian,35,vel@Phasellus.org,71296234,Ethiopia,Milmort
13359389,Isadora,Mann,46,sem.magna@blandit.edu,63203439,Slovakia,Woking
49946181,Clementine,Mccoy,68,molestie@molestiearcuSed.net,30583112,Guatemala,Jinju
42993685,Gretchen,Mckay,39,vestibulum.lorem.sit@ametdiameu.ca,61183027,Mayotte,Longano
40956803,Melissa,Burgess,56,Aliquam@sociisnatoquepenatibus.net,61922174,Ghana,Alexandria
17368847,Wang,Harper,64,Nulla.tempor@Morbivehicula.com,82943936,Indonesia,Creil
46864814,Tyrone,Rich,87,Duis.elementum.dui@sollicitudin.org,45193896,Croatia,Silifke
8796179,Callie,Swanson,92,Nunc.mauris@massaVestibulum.co.uk,74668279,Nigeria,Gorinchem
17538372,Sophia,Vargas,27,lectus@bibendum.ca,96514619,Bhutan,Fogliano Redipuglia
7763750,Carter,Webb,69,Nullam.nisl.Maecenas@nisl.ca,82413226,Curaçao,Castel Guelfo di Bologna
47371009,Dustin,Johnston,57,eu.turpis.Nulla@Donecnonjusto.edu,74106702,South Sudan,Kirkby Lonsdale
46836113,Amethyst,Johnson,68,morbi.tristique@Morbivehicula.org,34670966,Syria,Gjoa Haven
19169045,Tamekah,Soto,88,arcu.ac.orci@miAliquamgravida.net,88017984,Gabon,Akşehir
7518233,Cassady,Payne,39,at.nisi.Cum@Sed.com,40919424,Oman,Norderstedt
48249795,Shay,Owens,28,In.tincidunt.congue@Donecconsectetuermauris.org,86137184,Saint Pierre and Miquelon,Puente Alto
29046859,Eve,Scott,78,mollis.Phasellus.libero@Aeneaneuismod.org,72877505,Heard Island and Mcdonald Islands,Saint-Pierre
21493098,Ora,Foster,76,feugiat.tellus@fringilla.net,52628060,Saint Lucia,Oudenaken
30507841,Fletcher,Bray,23,diam.lorem.auctor@rutrumFuscedolor.edu,8563635,Norfolk Island,Sint-Denijs-Westrem
43138736,Magee,Henderson,46,gravida@facilisisegetipsum.ca,86198373,Germany,Villarrica