1,Curso 1
2,Curso 2
3,Curso 3
4,Curso 4
5,Curso 5
6,Curso 6
7,Curso 7
8,Curso 8
9,Curso 9
10,Curso 10
11,Curso 11
12,Curso 12
13,Curso 13
14,Curso 14
15,Curso 15
16,Curso 16
17,Curso 17
18,Curso 18
19,Curso 19
20,Curso 20
21,Curso 21
22,Curso 22
23,Curso 23
24,Curso 24
25,Curso 25
26,Curso 26
27,Curso 27
28,Curso 28
29,Curso 29
30,Curso 30
31,Curso 31
32,Curso 32
33,Curso 33
34,Curso 34
35,Curso 35
36,Curso 36
37,Curso 37
38,Curso 38
39,Curso 39
40,Curso 40
41,Curso 41
42,Curso 42
43,Curso 43
44,Curso 44
45,Curso 45
46,Curso 46
47,Curso 47
48,Curso 48
49,Curso 49
50,Curso 50
51,Curso 51
52,Curso 52
53,Curso 53
54,Curso 54
55,Curso 55
56,Curso 56
57,Curso 57
58,Curso 58
59,Curso 59
60,Curso 60
61,Curso 61
62,Curso 62
63,Curso 63
64,Curso 64
65,Curso 65
66,Curso 66
67,Curso 67
68,Curso 68
69,Curso 69
70,Curso 70
71,Curso 71
72,Curso 72
73,Curso 73
74,Curso 74
75,Curso 75
76,Curso 76
77,Curso 77
78,Curso 78
79,Curso 79
80,Curso 80
81,Curso 81
82,Curso 82
83,Curso 83
84,Curso 84
85,Curso 85
86,Curso 86
87,Curso 87
88,Curso 88
89,Curso 89
90,Curso 90
91,Curso 91
92,Curso 92
93,Curso 93
94,Curso 94
95,Curso 95
96,Curso 96
97,Curso 97
98,Curso 98
99,Curso 99
100,Curso 100
101,Curso 101
102,Curso 102
103,Curso 103
104,Curso 104
105,Curso 105
106,Curso 106
107,Curso 107
108,Curso 108
109,Curso 109
110,Curso 110
111,Curso 111
112,Curso 112
113,Curso 113
114,Curso 114
115,Curso 115
116,Curso 116
117,Curso 117
118,Curso 118
119,Curso 119
120,Curso 120
121,Curso 121
122,Curso 122
123,Curso 123
124,Curso 124
125,Curso 125
126,Curso 126
127,Curso 127
128,Curso 128
129,Curso 129
130,Curso 130
131,Curso 131
132,Curso 132
133,Curso 133
134,Curso 134
135,Curso 135
136,Curso 136
137,Curso 137
138,Curso 138
139,Curso 139
140,Curso 140
141,Curso 141
142,Curso 142
143,Curso 143
144,Curso 144
145,Curso 145
146,Curso 146
147,Curso 147
148,Curso 148
149,Curso 149
150,Curso 150
151,Curso 151
152,Curso 152
153,Curso 153
154,Curso 154
155,Curso 155
156,Curso 156
157,Curso 157
158,Curso 158
159,Curso 159
160,Curso 160
161,Curso 161
162,Curso 162
163,Curso 163
164,Curso 164
165,Curso 165
166,Curso 166
167,Curso 167
168,Curso 168
169,Curso 169
170,Curso 170
171,Curso 171
172,Curso 172
173,Curso 173
174,Curso 174
175,Curso 175
176,Curso 176
177,Curso 177
178,Curso 178
179,Curso 179
180,Curso 180
181,Curso 181
182,Curso 182
183,Curso 183
184,Curso 184
185,Curso 185
186,Curso 186
187,Curso 187
188,Curso 188
189,Curso 189
190,Curso 190
191,Curso 191
192,Curso 192
193,Curso 193
194,Curso 194
195,Curso 195
196,Curso 196
197,Curso 197
198,Curso 198
199,Curso 199
200,Curso 200
201,Curso 201
202,Curso 202
203,Curso 203
204,Curso 204
205,Curso 205
206,Curso 206
207,Curso 207
208,Curso 208
209,Curso 209
210,Curso 210
211,Curso 211
212,Curso 212
213,Curso 213
214,Curso 214
215,Curso 215
216,Curso 216
217,Curso 217
218,Curso 218
219,Curso 219
220,Curso 220
221,Curso 221
222,Curso 222
223,Curso 223
224,Curso 224
225,Curso 225
226,Curso 226
227,Curso 227
228,Curso 228
229,Curso 229
230,Curso 230
231,Curso 231
232,Curso 232
233,Curso 233
234,Curso 234
235,Curso 235
236,Curso 236
237,Curso 237
238,Curso 238
239,Curso 239
240,Curso 240
241,Curso 241
242,Curso 242
243,Curso 243
244,Curso 244
245,Curso 245
246,Curso 246
247,Curso 247
248,Curso 248
249,Curso 249
250,Curso 250
251,Curso 251
252,Curso 252
253,Curso 253
254,Curso 254
255,Curso 255
256,Curso 256
257,Curso 257
258,Curso 258
259,Curso 259
260,Curso 260
261,Curso 261
262,Curso 262
263,Curso 263
264,Curso 264
265,Curso 265
266,Curso 266
267,Curso 267
268,Curso 268
269,Curso 269
270,Curso 270
271,Curso 271
272,Curso 272
273,Curso 273
274,Curso 274
275,Curso 275
276,Curso 276
277,Curso 277
278,Curso 278
279,Curso 279
280,Curso 280
281,Curso 281
282,Curso 282
283,Curso 283
284,Curso 284
285,Curso 285
286,Curso 286
