11915649,Ina,Garcia,27,magna@eleifendnon.ca,04182895,Serbia,Oaxaca
37123761,Ivory,Murphy,53,hendrerit.Donec@nislMaecenasmalesuada.ca,61724841,Tonga,Drongen
23028411,Jeremy,Swanson,45,ut.eros.non@vestibulumloremsit.co.uk,86359409,Morocco,Saint-Maur-des-Fossés
37846821,Noelani,Kane,89,massa@velit.edu,63517225,British Indian Ocean Territory,Bertogne
18350364,Gannon,Harrell,53,lectus@mauris.com,17509612,Sudan,Crescentino
42663506,Rebecca,Sanchez,83,id.mollis@placerataugueSed.com,47522796,Belgium,Straubing
12471376,Abdul,Snow,54,pede.malesuada@NuncmaurisMorbi.co.uk,37555318,Guyana,Taldom
30254937,Hayfa,Duke,59,ante.blandit.viverra@mauris.ca,67469421,Guernsey,Remscheid
8106195,Camilla,Rogers,26,vulputate.eu@mus.edu,15466003,Sint Maarten,Dubuisson
25455076,Warren,Lopez,77,pharetra@imperdietornareIn.com,06988366,Botswana,Ways
32331876,Xantha,Valenzuela,33,cursus@porttitorinterdumSed.edu,76112680,Israel,Sachs Harbour
8658529,Ray,Sloan,18,ac.mi.eleifend@cursusetmagna.co.uk,13294602,Curaçao,Erie
46631046,Erich,Puckett,81,risus.Nulla@neque.co.uk,89105276,Netherlands,Daska
10030908,Alea,Turner,62,Fusce.feugiat@necante.co.uk,54814272,Curaçao,Gebze
13755955,Leroy,Joyner,74,adipiscing.enim@sem.co.uk,55297883,Grenada,Ránquil
6872260,Barrett,Mclaughlin,25,ante@eliterat.org,31661355,Nauru,Gaspé
44700475,Desiree,Bruce,75,velit.eu.sem@hendrerit.com,38261691,Seychelles,Haren
41623675,Mark,Terrell,20,vitae@Donecfeugiat.ca,85612237,Algeria,El Bosque
22247582,Francesca,Graham,48,mus.Donec.dignissim@sed.org,45510436,Guyana,Fort McPherson
11635435,Gray,Kaufman,19,nec@lobortisquama.org,22799701,Cocos (Keeling) Islands,Gerpinnes
48003792,Driscoll,Romero,95,conubia@mattisornare.edu,40484765,Dominica,Omal
35788351,Dolan,Osborn,77,venenatis.a@enim.com,71659359,Nauru,Bersillies-l'Abbaye
29998791,Jescie,Hampton,65,pede.ultrices@antedictumcursus.edu,26497845,Egypt,Armo
6933383,Samson,Galloway,68,egestas@venenatisvelfaucibus.ca,35812489,Saint Lucia,Colmar
5951375,Graham,Gonzalez,62,vel.quam@commodoauctor.edu,21505998,Lebanon,Concepción
27420609,Shelby,Fleming,81,a@ac.com,08152964,United Kingdom (Great Britain),Kitzbühel
26213949,Cara,Fields,39,bibendum@quis.edu,21703278,Bulgaria,Ikot Ekpene
21869811,Kennedy,Giles,54,urna.Vivamus.molestie@Suspendissealiquet.com,86080397,Cocos (Keeling) Islands,Forio
36206776,Dalton,Santana,65,dignissim.magna.a@arcuVivamus.co.uk,49506261,Lithuania,Piedecuesta
29992181,Kylan,Vargas,89,quis@netus.com,11380893,Sudan,Cercemaggiore
28826666,Vivien,Ware,94,eu.ultrices.sit@Crasinterdum.org,40540196,Sudan,Recoleta
46197844,Nola,Berg,98,tristique@lorem.ca,13597620,Timor-Leste,Vallentuna
14573443,Prescott,Foreman,57,Morbi@auctornon.ca,62642978,Eritrea,Diadema
5662814,Rahim,Hays,92,metus@turpisIn.ca,27679925,El Salvador,Fiuminata
8164866,Neville,Copeland,44,eu.lacus.Quisque@justonecante.com,94553140,Hong Kong,Grand Falls
43303915,Ignacia,Cooke,60,vitae@amet.org,29063508,Turkmenistan,Kalat
5179924,Calista,Head,58,luctus@fringillaporttitorvulputate.com,81471230,Cyprus,Prato Carnico
23876545,Hayden,Bowman,18,iaculis@lacusNullatincidunt.ca,03872563,United Arab Emirates,Burnaby
32151909,Yoshio,Franco,49,mi@CurabiturmassaVestibulum.edu,53372035,Thailand,San Juan del Río
6587974,Demetrius,Willis,60,mauris.Morbi.non@tempusmauris.co.uk,09747651,Yemen,Torella del Sannio
8628664,Vernon,Hoover,93,Etiam.imperdiet@nequetellus.net,78147758,Syria,Bonnyrigg
11130686,Aidan,Higgins,22,est@Vivamus.org,69561498,Ukraine,Enines
49929377,Daquan,Lowe,74,interdum@egestasblanditNam.edu,74169067,Kuwait,Metairie
27229696,Cullen,Poole,53,nibh.dolor.nonummy@arcuet.net,56617545,Egypt,Harrison Hot Springs
25221168,Glenna,Carr,23,non@nuncIn.co.uk,89792442,Poland,Houthalen
25774948,Theodore,Bowen,55,Aliquam.ornare@blanditNamnulla.net,26878074,Slovenia,Los Sauces
6455395,Melyssa,Chandler,54,non.vestibulum.nec@Aliquam.net,71190998,Vanuatu,Romford
29842537,Kennan,Medina,87,laoreet@Mauriseuturpis.com,24271153,Malta,Oranienburg
11556317,Cassidy,Pace,44,tellus.justo@adipiscingligulaAenean.com,97987999,France,Warri
33445754,Melvin,Camacho,90,luctus.sit.amet@esttemporbibendum.co.uk,35810915,Macao,Sankt Wendel
43726592,Yvette,Mcclure,65,enim.consequat.purus@laoreet.org,01667508,Kenya,Saint-Remy
29771606,Candace,Fry,16,Nullam.enim@imperdiet.ca,28797974,Slovakia,Hamm
39583705,Garrison,Richard,68,eget@egetmollislectus.org,60461441,Nicaragua,Davenport
36891572,Rajah,Navarro,43,scelerisque@molestiearcuSed.com,21051196,Denmark,Bad Nauheim
24235093,Vivien,Rutledge,65,magna.Cras.convallis@Etiambibendum.edu,78922263,Honduras,Lasnigo
38110962,Orson,Baker,65,massa@ultriciesornareelit.net,37943610,Georgia,Ancona
35236256,Daniel,Kirkland,29,Nulla.eu.neque@ligulaDonec.com,88190564,Indonesia,Inuvik
25393392,Madaline,Gomez,72,ut@iaculislacuspede.ca,69628248,Venezuela,Varna/Vahrn
12565430,Illiana,Campbell,99,eu.tempor@Nullamnisl.net,82693986,Azerbaijan,Chapecó
22491785,Kirk,Mosley,56,neque.sed.sem@ipsumportaelit.net,14384589,Mongolia,Avignon
9415752,Jane,Tyson,65,Nulla.eget.metus@Aenean.org,45062618,Tuvalu,Wallasey
31496253,Benjamin,Cline,91,nibh.enim.gravida@liberoDonecconsectetuer.co.uk,04277683,Benin,Portsmouth
21928777,Noah,Combs,18,sed@massanonante.com,93977507,Cocos (Keeling) Islands,Athens
33367598,Adam,Roth,73,libero.Proin@temporest.ca,38132057,French Guiana,Melbourne
47671091,Cole,Herring,73,purus.sapien.gravida@et.com,19748012,Bahrain,Modakeke
47009104,Erin,Elliott,33,pellentesque.tellus@Quisque.net,86135180,"Congo, the Democratic Republic of the",Pariaman
29983879,Brenna,Fox,99,odio.Aliquam.vulputate@metusfacilisislorem.net,94398928,Turks and Caicos Islands,San Lazzaro di Savena
36735352,Hilda,Walters,23,urna.suscipit.nonummy@auguescelerisquemollis.org,45825337,Ireland,Villach
7878677,Lilah,Casey,98,tortor@Pellentesquehabitant.edu,20304332,Ethiopia,Wenduine
8238880,Kelly,Chaney,33,eu@dignissimlacusAliquam.ca,71725484,South Africa,Helena
29270309,Nell,Carson,77,sem@elementum.com,42911779,Bahrain,Bhimber
39496469,Salvador,White,60,Aliquam.gravida@Vivamus.net,70688402,Haiti,Villafranca in Lunigiana
6665395,Rajah,Patrick,66,bibendum.ullamcorper@infelisNulla.com,31454872,Burkina Faso,Grande Prairie
28930970,Ira,Wagner,45,metus.Aliquam.erat@tellusnon.com,15577647,Saint Martin,Freux
39844943,Cade,Huff,44,nec.ligula.consectetuer@dui.edu,51439170,Macao,Westrem
25222316,Kelly,Hardy,67,feugiat@necmollisvitae.ca,21996850,Netherlands,Moricone
49465106,Dara,Nixon,30,lectus@iaculisenim.org,16640342,Italy,Ciudad Valles
11940691,Abigail,Craft,88,Nunc.mauris@pellentesqueSed.net,16540114,San Marino,Siegendorf
44741371,Rana,Leach,69,velit.Aliquam.nisl@loremDonec.net,33637055,"Virgin Islands, British",Vespolate
50742961,Ali,Hansen,18,vitae@Aliquamadipiscing.com,87514206,Côte D'Ivoire (Ivory Coast),Chetwynd
14261374,Valentine,Beard,55,Aliquam.ornare@ultrices.com,79308897,Jersey,Hoofddorp
49093598,Irma,Frye,47,scelerisque@pedesagittis.co.uk,29632479,Samoa,Bhir
44008075,Rebecca,Bauer,77,sed.consequat.auctor@lacus.ca,55516238,Oman,Cochrane
41476769,Gary,Patel,31,non.arcu@tellus.edu,90458674,Haiti,Opole
21668735,Mason,Barron,96,malesuada.Integer.id@odioAliquamvulputate.org,68390351,"Bonaire, Sint Eustatius and Saba",Jupille-sur-Meuse
33547661,Quynn,Lucas,97,torquent.per.conubia@fringillaporttitor.org,28457050,Faroe Islands,Monte San Giovanni in Sabina
43720180,Anne,Reyes,71,sed@congueturpis.edu,73487395,Fiji,Cuddapah
31156043,Helen,Potter,75,elementum.dui@aaliquetvel.ca,44655673,Australia,Schwaz
6123350,Leandra,Patel,92,Curae@magnisdisparturient.net,18822447,Maldives,Waret-l
15856094,Hector,Logan,93,In.lorem@luctusut.edu,39481747,Guinea-Bissau,Villers-aux-Tours
12493353,Tanner,Rosa,56,mi.ac.mattis@lobortis.co.uk,84327983,Oman,Saint-Marcel
40243006,Juliet,Barrera,74,dictum.magna@eu.edu,82713904,Germany,Little Rock
43356764,Joseph,Mays,79,Aenean.euismod.mauris@Suspendissecommodotincidunt.org,35435052,Sweden,Montjovet
15469152,Rashad,Huffman,58,Quisque.porttitor.eros@enimnonnisi.org,95201951,Cayman Islands,Remscheid
14222836,Christen,Franco,55,auctor.velit.Aliquam@odio.co.uk,43628496,Morocco,Plauen
5977201,Alfreda,Morin,96,nascetur.ridiculus@vestibulumnequesed.com,01875985,Greenland,Castellana Sicula
21468354,Stacy,Travis,58,blandit@Vivamus.org,82026750,Kuwait,Lac-Serent
29136155,Bree,Dawson,21,sit.amet.consectetuer@tellusjustosit.ca,80169664,Swaziland,Cúcuta
34288397,Reagan,Fulton,97,Quisque.ornare@arcuVivamus.net,97759448,Turks and Caicos Islands,Zamość
25859748,Cherokee,Shaffer,91,iaculis.lacus.pede@euenimEtiam.com,18764995,Libya,Sundrie