Pelicula 1,Descripcion de pelicula 1,http://pelicula.com/1,25/04/2017,http://imagen.com/1
Pelicula 2,Descripcion de pelicula 2,http://pelicula.com/2,8/08/2012,http://imagen.com/2
Pelicula 3,Descripcion de pelicula 3,http://pelicula.com/3,11/06/2015,http://imagen.com/3
Pelicula 4,Descripcion de pelicula 4,http://pelicula.com/4,13/09/2014,http://imagen.com/4
Pelicula 5,Descripcion de pelicula 5,http://pelicula.com/5,18/07/2011,http://imagen.com/5
Pelicula 6,Descripcion de pelicula 6,http://pelicula.com/6,31/12/2018,http://imagen.com/6
Pelicula 7,Descripcion de pelicula 7,http://pelicula.com/7,29/09/2011,http://imagen.com/7
Pelicula 8,Descripcion de pelicula 8,http://pelicula.com/8,27/11/2018,http://imagen.com/8
Pelicula 9,Descripcion de pelicula 9,http://pelicula.com/9,29/12/2019,http://imagen.com/9
Pelicula 10,Descripcion de pelicula 10,http://pelicula.com/10,4/04/2016,http://imagen.com/10
Pelicula 11,Descripcion de pelicula 11,http://pelicula.com/11,7/06/2016,http://imagen.com/11
Pelicula 12,Descripcion de pelicula 12,http://pelicula.com/12,2/11/2013,http://imagen.com/12
Pelicula 13,Descripcion de pelicula 13,http://pelicula.com/13,19/04/2020,http://imagen.com/13
Pelicula 14,Descripcion de pelicula 14,http://pelicula.com/14,25/06/2014,http://imagen.com/14
Pelicula 15,Descripcion de pelicula 15,http://pelicula.com/15,5/06/2021,http://imagen.com/15
Pelicula 16,Descripcion de pelicula 16,http://pelicula.com/16,8/03/2013,http://imagen.com/16
Pelicula 17,Descripcion de pelicula 17,http://pelicula.com/17,27/12/2017,http://imagen.com/17
Pelicula 18,Descripcion de pelicula 18,http://pelicula.com/18,5/09/2016,http://imagen.com/18
Pelicula 19,Descripcion de pelicula 19,http://pelicula.com/19,14/06/2015,http://imagen.com/19
Pelicula 20,Descripcion de pelicula 20,http://pelicula.com/20,27/03/2018,http://imagen.com/20
Pelicula 21,Descripcion de pelicula 21,http://pelicula.com/21,24/09/2014,http://imagen.com/21
Pelicula 22,Descripcion de pelicula 22,http://pelicula.com/22,14/03/2013,http://imagen.com/22
Pelicula 23,Descripcion de pelicula 23,http://pelicula.com/23,27/01/2016,http://imagen.com/23
Pelicula 24,Descripcion de pelicula 24,http://pelicula.com/24,1/12/2014,http://imagen.com/24
Pelicula 25,Descripcion de pelicula 25,http://pelicula.com/25,27/12/2014,http://imagen.com/25
Pelicula 26,Descripcion de pelicula 26,http://pelicula.com/26,8/07/2015,http://imagen.com/26
Pelicula 27,Descripcion de pelicula 27,http://pelicula.com/27,6/05/2014,http://imagen.com/27
Pelicula 28,Descripcion de pelicula 28,http://pelicula.com/28,19/02/2021,http://imagen.com/28
Pelicula 29,Descripcion de pelicula 29,http://pelicula.com/29,25/10/2021,http://imagen.com/29
Pelicula 30,Descripcion de pelicula 30,http://pelicula.com/30,24/09/2019,http://imagen.com/30
Pelicula 31,Descripcion de pelicula 31,http://pelicula.com/31,3/01/2018,http://imagen.com/31
Pelicula 32,Descripcion de pelicula 32,http://pelicula.com/32,4/04/2017,http://imagen.com/32
Pelicula 33,Descripcion de pelicula 33,http://pelicula.com/33,13/04/2014,http://imagen.com/33
Pelicula 34,Descripcion de pelicula 34,http://pelicula.com/34,21/06/2014,http://imagen.com/34
Pelicula 35,Descripcion de pelicula 35,http://pelicula.com/35,14/03/2017,http://imagen.com/35
Pelicula 36,Descripcion de pelicula 36,http://pelicula.com/36,28/06/2013,http://imagen.com/36
Pelicula 37,Descripcion de pelicula 37,http://pelicula.com/37,4/10/2014,http://imagen.com/37
Pelicula 38,Descripcion de pelicula 38,http://pelicula.com/38,12/11/2015,http://imagen.com/38
Pelicula 39,Descripcion de pelicula 39,http://pelicula.com/39,3/02/2021,http://imagen.com/39
Pelicula 40,Descripcion de pelicula 40,http://pelicula.com/40,9/04/2014,http://imagen.com/40
Pelicula 41,Descripcion de pelicula 41,http://pelicula.com/41,15/08/2013,http://imagen.com/41
Pelicula 42,Descripcion de pelicula 42,http://pelicula.com/42,22/01/2011,http://imagen.com/42
Pelicula 43,Descripcion de pelicula 43,http://pelicula.com/43,26/08/2017,http://imagen.com/43
Pelicula 44,Descripcion de pelicula 44,http://pelicula.com/44,19/06/2015,http://imagen.com/44
Pelicula 45,Descripcion de pelicula 45,http://pelicula.com/45,16/10/2014,http://imagen.com/45
Pelicula 46,Descripcion de pelicula 46,http://pelicula.com/46,13/02/2015,http://imagen.com/46
Pelicula 47,Descripcion de pelicula 47,http://pelicula.com/47,13/03/2014,http://imagen.com/47
Pelicula 48,Descripcion de pelicula 48,http://pelicula.com/48,23/05/2013,http://imagen.com/48
Pelicula 49,Descripcion de pelicula 49,http://pelicula.com/49,16/03/2019,http://imagen.com/49
Pelicula 50,Descripcion de pelicula 50,http://pelicula.com/50,29/09/2019,http://imagen.com/50
Pelicula 51,Descripcion de pelicula 51,http://pelicula.com/51,5/04/2012,http://imagen.com/51
Pelicula 52,Descripcion de pelicula 52,http://pelicula.com/52,21/10/2017,http://imagen.com/52
Pelicula 53,Descripcion de pelicula 53,http://pelicula.com/53,24/12/2014,http://imagen.com/53
Pelicula 54,Descripcion de pelicula 54,http://pelicula.com/54,22/03/2014,http://imagen.com/54
Pelicula 55,Descripcion de pelicula 55,http://pelicula.com/55,8/05/2014,http://imagen.com/55
Pelicula 56,Descripcion de pelicula 56,http://pelicula.com/56,30/09/2012,http://imagen.com/56
Pelicula 57,Descripcion de pelicula 57,http://pelicula.com/57,3/08/2021,http://imagen.com/57
Pelicula 58,Descripcion de pelicula 58,http://pelicula.com/58,6/06/2018,http://imagen.com/58
Pelicula 59,Descripcion de pelicula 59,http://pelicula.com/59,25/02/2015,http://imagen.com/59
Pelicula 60,Descripcion de pelicula 60,http://pelicula.com/60,10/10/2017,http://imagen.com/60
Pelicula 61,Descripcion de pelicula 61,http://pelicula.com/61,17/10/2020,http://imagen.com/61
Pelicula 62,Descripcion de pelicula 62,http://pelicula.com/62,16/03/2016,http://imagen.com/62
Pelicula 63,Descripcion de pelicula 63,http://pelicula.com/63,22/10/2016,http://imagen.com/63
Pelicula 64,Descripcion de pelicula 64,http://pelicula.com/64,22/05/2018,http://imagen.com/64
Pelicula 65,Descripcion de pelicula 65,http://pelicula.com/65,25/02/2020,http://imagen.com/65
Pelicula 66,Descripcion de pelicula 66,http://pelicula.com/66,27/03/2018,http://imagen.com/66
Pelicula 67,Descripcion de pelicula 67,http://pelicula.com/67,16/12/2013,http://imagen.com/67
Pelicula 68,Descripcion de pelicula 68,http://pelicula.com/68,15/04/2021,http://imagen.com/68
Pelicula 69,Descripcion de pelicula 69,http://pelicula.com/69,13/10/2011,http://imagen.com/69
Pelicula 70,Descripcion de pelicula 70,http://pelicula.com/70,17/10/2012,http://imagen.com/70
Pelicula 71,Descripcion de pelicula 71,http://pelicula.com/71,25/09/2013,http://imagen.com/71
Pelicula 72,Descripcion de pelicula 72,http://pelicula.com/72,9/10/2013,http://imagen.com/72
Pelicula 73,Descripcion de pelicula 73,http://pelicula.com/73,23/06/2016,http://imagen.com/73
Pelicula 74,Descripcion de pelicula 74,http://pelicula.com/74,8/06/2018,http://imagen.com/74
Pelicula 75,Descripcion de pelicula 75,http://pelicula.com/75,27/10/2015,http://imagen.com/75
Pelicula 76,Descripcion de pelicula 76,http://pelicula.com/76,9/05/2016,http://imagen.com/76
Pelicula 77,Descripcion de pelicula 77,http://pelicula.com/77,1/12/2020,http://imagen.com/77
Pelicula 78,Descripcion de pelicula 78,http://pelicula.com/78,21/03/2015,http://imagen.com/78
Pelicula 79,Descripcion de pelicula 79,http://pelicula.com/79,6/11/2012,http://imagen.com/79
Pelicula 80,Descripcion de pelicula 80,http://pelicula.com/80,7/01/2018,http://imagen.com/80
Pelicula 81,Descripcion de pelicula 81,http://pelicula.com/81,5/05/2012,http://imagen.com/81
Pelicula 82,Descripcion de pelicula 82,http://pelicula.com/82,18/10/2021,http://imagen.com/82
Pelicula 83,Descripcion de pelicula 83,http://pelicula.com/83,20/07/2019,http://imagen.com/83
Pelicula 84,Descripcion de pelicula 84,http://pelicula.com/84,5/09/2013,http://imagen.com/84
Pelicula 85,Descripcion de pelicula 85,http://pelicula.com/85,23/03/2021,http://imagen.com/85
Pelicula 86,Descripcion de pelicula 86,http://pelicula.com/86,14/01/2017,http://imagen.com/86
Pelicula 87,Descripcion de pelicula 87,http://pelicula.com/87,18/06/2019,http://imagen.com/87
Pelicula 88,Descripcion de pelicula 88,http://pelicula.com/88,18/11/2019,http://imagen.com/88
Pelicula 89,Descripcion de pelicula 89,http://pelicula.com/89,6/03/2015,http://imagen.com/89
Pelicula 90,Descripcion de pelicula 90,http://pelicula.com/90,23/02/2018,http://imagen.com/90
Pelicula 91,Descripcion de pelicula 91,http://pelicula.com/91,15/09/2015,http://imagen.com/91
Pelicula 92,Descripcion de pelicula 92,http://pelicula.com/92,26/06/2020,http://imagen.com/92
Pelicula 93,Descripcion de pelicula 93,http://pelicula.com/93,29/05/2013,http://imagen.com/93
Pelicula 94,Descripcion de pelicula 94,http://pelicula.com/94,22/01/2017,http://imagen.com/94
Pelicula 95,Descripcion de pelicula 95,http://pelicula.com/95,4/07/2014,http://imagen.com/95
Pelicula 96,Descripcion de pelicula 96,http://pelicula.com/96,26/04/2016,http://imagen.com/96
Pelicula 97,Descripcion de pelicula 97,http://pelicula.com/97,24/08/2018,http://imagen.com/97
Pelicula 98,Descripcion de pelicula 98,http://pelicula.com/98,17/01/2016,http://imagen.com/98
Pelicula 99,Descripcion de pelicula 99,http://pelicula.com/99,23/07/2013,http://imagen.com/99
Pelicula 100,Descripcion de pelicula 100,http://pelicula.com/100,6/07/2013,http://imagen.com/100
Pelicula 101,Descripcion de pelicula 101,http://pelicula.com/101,25/04/2017,http://imagen.com/101
Pelicula 102,Descripcion de pelicula 102,http://pelicula.com/102,8/08/2012,http://imagen.com/102
Pelicula 103,Descripcion de pelicula 103,http://pelicula.com/103,11/06/2015,http://imagen.com/103
Pelicula 104,Descripcion de pelicula 104,http://pelicula.com/104,13/09/2014,http://imagen.com/104
Pelicula 105,Descripcion de pelicula 105,http://pelicula.com/105,18/07/2011,http://imagen.com/105
Pelicula 106,Descripcion de pelicula 106,http://pelicula.com/106,31/12/2018,http://imagen.com/106
Pelicula 107,Descripcion de pelicula 107,http://pelicula.com/107,29/09/2011,http://imagen.com/107
Pelicula 108,Descripcion de pelicula 108,http://pelicula.com/108,27/11/2018,http://imagen.com/108
Pelicula 109,Descripcion de pelicula 109,http://pelicula.com/109,29/12/2019,http://imagen.com/109
Pelicula 110,Descripcion de pelicula 110,http://pelicula.com/110,4/04/2016,http://imagen.com/110
Pelicula 111,Descripcion de pelicula 111,http://pelicula.com/111,7/06/2016,http://imagen.com/111
Pelicula 112,Descripcion de pelicula 112,http://pelicula.com/112,2/11/2013,http://imagen.com/112
Pelicula 113,Descripcion de pelicula 113,http://pelicula.com/113,19/04/2020,http://imagen.com/113
Pelicula 114,Descripcion de pelicula 114,http://pelicula.com/114,25/06/2014,http://imagen.com/114
Pelicula 115,Descripcion de pelicula 115,http://pelicula.com/115,5/06/2021,http://imagen.com/115
Pelicula 116,Descripcion de pelicula 116,http://pelicula.com/116,8/03/2013,http://imagen.com/116
Pelicula 117,Descripcion de pelicula 117,http://pelicula.com/117,27/12/2017,http://imagen.com/117
Pelicula 118,Descripcion de pelicula 118,http://pelicula.com/118,5/09/2016,http://imagen.com/118
Pelicula 119,Descripcion de pelicula 119,http://pelicula.com/119,14/06/2015,http://imagen.com/119
Pelicula 120,Descripcion de pelicula 120,http://pelicula.com/120,27/03/2018,http://imagen.com/120
Pelicula 121,Descripcion de pelicula 121,http://pelicula.com/121,24/09/2014,http://imagen.com/121
Pelicula 122,Descripcion de pelicula 122,http://pelicula.com/122,14/03/2013,http://imagen.com/122
Pelicula 123,Descripcion de pelicula 123,http://pelicula.com/123,27/01/2016,http://imagen.com/123
Pelicula 124,Descripcion de pelicula 124,http://pelicula.com/124,1/12/2014,http://imagen.com/124
Pelicula 125,Descripcion de pelicula 125,http://pelicula.com/125,27/12/2014,http://imagen.com/125
Pelicula 126,Descripcion de pelicula 126,http://pelicula.com/126,8/07/2015,http://imagen.com/126
Pelicula 127,Descripcion de pelicula 127,http://pelicula.com/127,6/05/2014,http://imagen.com/127
Pelicula 128,Descripcion de pelicula 128,http://pelicula.com/128,19/02/2021,http://imagen.com/128
Pelicula 129,Descripcion de pelicula 129,http://pelicula.com/129,25/10/2021,http://imagen.com/129
Pelicula 130,Descripcion de pelicula 130,http://pelicula.com/130,24/09/2019,http://imagen.com/130
Pelicula 131,Descripcion de pelicula 131,http://pelicula.com/131,3/01/2018,http://imagen.com/131
Pelicula 132,Descripcion de pelicula 132,http://pelicula.com/132,4/04/2017,http://imagen.com/132
Pelicula 133,Descripcion de pelicula 133,http://pelicula.com/133,13/04/2014,http://imagen.com/133
Pelicula 134,Descripcion de pelicula 134,http://pelicula.com/134,21/06/2014,http://imagen.com/134
Pelicula 135,Descripcion de pelicula 135,http://pelicula.com/135,14/03/2017,http://imagen.com/135
Pelicula 136,Descripcion de pelicula 136,http://pelicula.com/136,28/06/2013,http://imagen.com/136
Pelicula 137,Descripcion de pelicula 137,http://pelicula.com/137,4/10/2014,http://imagen.com/137
Pelicula 138,Descripcion de pelicula 138,http://pelicula.com/138,12/11/2015,http://imagen.com/138
Pelicula 139,Descripcion de pelicula 139,http://pelicula.com/139,3/02/2021,http://imagen.com/139
Pelicula 140,Descripcion de pelicula 140,http://pelicula.com/140,9/04/2014,http://imagen.com/140
Pelicula 141,Descripcion de pelicula 141,http://pelicula.com/141,15/08/2013,http://imagen.com/141
Pelicula 142,Descripcion de pelicula 142,http://pelicula.com/142,22/01/2011,http://imagen.com/142
Pelicula 143,Descripcion de pelicula 143,http://pelicula.com/143,26/08/2017,http://imagen.com/143
Pelicula 144,Descripcion de pelicula 144,http://pelicula.com/144,19/06/2015,http://imagen.com/144
Pelicula 145,Descripcion de pelicula 145,http://pelicula.com/145,16/10/2014,http://imagen.com/145
Pelicula 146,Descripcion de pelicula 146,http://pelicula.com/146,13/02/2015,http://imagen.com/146
Pelicula 147,Descripcion de pelicula 147,http://pelicula.com/147,13/03/2014,http://imagen.com/147
Pelicula 148,Descripcion de pelicula 148,http://pelicula.com/148,23/05/2013,http://imagen.com/148
Pelicula 149,Descripcion de pelicula 149,http://pelicula.com/149,16/03/2019,http://imagen.com/149
Pelicula 150,Descripcion de pelicula 150,http://pelicula.com/150,29/09/2019,http://imagen.com/150