QME95FSI9UO2QD5OB,Serie 1,Descripcion serie 1,29/06/2019,http://imagen.com/QME95FSI9UO2QD5OB
UJJ01CML4EA6FT8KT,Serie 2,Descripcion serie 2,2/07/2008,http://imagen.com/UJJ01CML4EA6FT8KT
VIL77OJZ8YW5JN9NX,Serie 3,Descripcion serie 3,8/07/2008,http://imagen.com/VIL77OJZ8YW5JN9NX
TKG17QXX9OG1PH0KP,Serie 4,Descripcion serie 4,4/12/2012,http://imagen.com/TKG17QXX9OG1PH0KP
REY11SNB8TZ1WL3UR,Serie 5,Descripcion serie 5,14/05/2003,http://imagen.com/REY11SNB8TZ1WL3UR
PSW30AWT1CP6HG3YY,Serie 6,Descripcion serie 6,5/04/2015,http://imagen.com/PSW30AWT1CP6HG3YY
IUA89ETA3GV3OT1UZ,Serie 7,Descripcion serie 7,19/01/2008,http://imagen.com/IUA89ETA3GV3OT1UZ
UAQ08YWV5BQ8WR8AE,Serie 8,Descripcion serie 8,27/10/2021,http://imagen.com/UAQ08YWV5BQ8WR8AE
JQZ96SJP9CB9DL1EF,Serie 9,Descripcion serie 9,3/01/2010,http://imagen.com/JQZ96SJP9CB9DL1EF
YON08UPV9BF8ZE0GX,Serie 10,Descripcion serie 10,9/05/2001,http://imagen.com/YON08UPV9BF8ZE0GX
OYJ90XCH7BO7KA0OT,Serie 11,Descripcion serie 11,14/11/2006,http://imagen.com/OYJ90XCH7BO7KA0OT
AED41YGJ9QI8DE5SV,Serie 12,Descripcion serie 12,14/03/2019,http://imagen.com/AED41YGJ9QI8DE5SV
RRS31OFU6IU5JD4QR,Serie 13,Descripcion serie 13,9/04/2009,http://imagen.com/RRS31OFU6IU5JD4QR
JQT00LRP2GO1JC6TK,Serie 14,Descripcion serie 14,6/04/2009,http://imagen.com/JQT00LRP2GO1JC6TK
ZUS41LDS7YE5NW3XZ,Serie 15,Descripcion serie 15,28/05/2010,http://imagen.com/ZUS41LDS7YE5NW3XZ
CUF69RVJ6GU8OW0FB,Serie 16,Descripcion serie 16,23/02/2021,http://imagen.com/CUF69RVJ6GU8OW0FB
BDX62CCF0MU6DK2MQ,Serie 17,Descripcion serie 17,3/01/2005,http://imagen.com/BDX62CCF0MU6DK2MQ
JSM57VZJ2LP6KB9RO,Serie 18,Descripcion serie 18,7/08/2005,http://imagen.com/JSM57VZJ2LP6KB9RO
CLO65IQO1RD5YO2LY,Serie 19,Descripcion serie 19,15/03/2004,http://imagen.com/CLO65IQO1RD5YO2LY
ZRR00VUA1WS2TS0KE,Serie 20,Descripcion serie 20,8/08/2016,http://imagen.com/ZRR00VUA1WS2TS0KE
RNF82DBG3MR4TW9IR,Serie 21,Descripcion serie 21,5/04/2020,http://imagen.com/RNF82DBG3MR4TW9IR
APW07IUP6UN6ZE1AT,Serie 22,Descripcion serie 22,29/11/2004,http://imagen.com/APW07IUP6UN6ZE1AT
OXJ08KMI9IL0VA8GM,Serie 23,Descripcion serie 23,26/12/2015,http://imagen.com/OXJ08KMI9IL0VA8GM
YUW53DMP9DA4VK1OT,Serie 24,Descripcion serie 24,20/06/2011,http://imagen.com/YUW53DMP9DA4VK1OT
KXW18CIY5FI5ME0PL,Serie 25,Descripcion serie 25,20/07/2016,http://imagen.com/KXW18CIY5FI5ME0PL
FHR70WTM3EO0OD9DK,Serie 26,Descripcion serie 26,25/02/2013,http://imagen.com/FHR70WTM3EO0OD9DK
IRP43GZD6EC9EZ4ZA,Serie 27,Descripcion serie 27,28/01/2014,http://imagen.com/IRP43GZD6EC9EZ4ZA
DFQ17ZRS3UG4EF4FE,Serie 28,Descripcion serie 28,1/10/2019,http://imagen.com/DFQ17ZRS3UG4EF4FE
KAD52BCD3YM1QD6DJ,Serie 29,Descripcion serie 29,28/08/2007,http://imagen.com/KAD52BCD3YM1QD6DJ
AUF30OIR4DN3ZW8WQ,Serie 30,Descripcion serie 30,30/05/2021,http://imagen.com/AUF30OIR4DN3ZW8WQ
ZJN64LCB5CW0ZJ7TH,Serie 31,Descripcion serie 31,2/11/2002,http://imagen.com/ZJN64LCB5CW0ZJ7TH
LVW21JRF5QP8ZB7EJ,Serie 32,Descripcion serie 32,20/12/2001,http://imagen.com/LVW21JRF5QP8ZB7EJ
KYO95PQG3XM9OJ8FR,Serie 33,Descripcion serie 33,10/06/2013,http://imagen.com/KYO95PQG3XM9OJ8FR
NJI32YCS4YU3LI3YG,Serie 34,Descripcion serie 34,13/09/2007,http://imagen.com/NJI32YCS4YU3LI3YG
KZT49SOS8QJ5SJ2ZY,Serie 35,Descripcion serie 35,3/10/2021,http://imagen.com/KZT49SOS8QJ5SJ2ZY
EER21HCY8JR1PW6EG,Serie 36,Descripcion serie 36,27/11/2010,http://imagen.com/EER21HCY8JR1PW6EG
RRN22FQR8QX8WI4PM,Serie 37,Descripcion serie 37,16/07/2013,http://imagen.com/RRN22FQR8QX8WI4PM
VNA26GSI9PI4CH8GK,Serie 38,Descripcion serie 38,25/07/2013,http://imagen.com/VNA26GSI9PI4CH8GK
SYE06JVH6FY8GN7GE,Serie 39,Descripcion serie 39,30/09/2007,http://imagen.com/SYE06JVH6FY8GN7GE
NBI54TJM1TZ2NK9QN,Serie 40,Descripcion serie 40,12/03/2017,http://imagen.com/NBI54TJM1TZ2NK9QN
KDG94PFB2WC4UM4JD,Serie 41,Descripcion serie 41,18/09/2006,http://imagen.com/KDG94PFB2WC4UM4JD
GWT12KNH6MV7DH2GO,Serie 42,Descripcion serie 42,10/07/2008,http://imagen.com/GWT12KNH6MV7DH2GO
ZIB70ACW2IY1BC5YV,Serie 43,Descripcion serie 43,1/12/2000,http://imagen.com/ZIB70ACW2IY1BC5YV
NFK13RXD4HR7UH0BM,Serie 44,Descripcion serie 44,24/09/2018,http://imagen.com/NFK13RXD4HR7UH0BM
DBF04IUR6LO8PQ8PG,Serie 45,Descripcion serie 45,31/10/2005,http://imagen.com/DBF04IUR6LO8PQ8PG
SJB94KSS0ME0WC7YV,Serie 46,Descripcion serie 46,6/12/2000,http://imagen.com/SJB94KSS0ME0WC7YV
HLD48YUQ5QL7IP4CJ,Serie 47,Descripcion serie 47,21/05/2004,http://imagen.com/HLD48YUQ5QL7IP4CJ
UTX86APU3GG8TD3QK,Serie 48,Descripcion serie 48,13/01/2018,http://imagen.com/UTX86APU3GG8TD3QK
FAE66WGD6QA1UJ2MU,Serie 49,Descripcion serie 49,29/02/2008,http://imagen.com/FAE66WGD6QA1UJ2MU
HHR34GOT8RJ6VJ8WX,Serie 50,Descripcion serie 50,2/02/2012,http://imagen.com/HHR34GOT8RJ6VJ8WX
ZTJ96HBF2ZY5MB2KL,Serie 51,Descripcion serie 51,25/04/2018,http://imagen.com/ZTJ96HBF2ZY5MB2KL
GQS32RVU9MZ0ZL8MC,Serie 52,Descripcion serie 52,25/09/2001,http://imagen.com/GQS32RVU9MZ0ZL8MC
XWE00UYE2UI4WE1YG,Serie 53,Descripcion serie 53,26/10/2009,http://imagen.com/XWE00UYE2UI4WE1YG
RTX34RXN4CH7OG4ME,Serie 54,Descripcion serie 54,12/03/2007,http://imagen.com/RTX34RXN4CH7OG4ME
CBJ84TJI0WB0KK7KU,Serie 55,Descripcion serie 55,24/08/2013,http://imagen.com/CBJ84TJI0WB0KK7KU
XVO84IPE3AG2PF9IM,Serie 56,Descripcion serie 56,28/12/2005,http://imagen.com/XVO84IPE3AG2PF9IM
LOG93WLV2MA5KY6DG,Serie 57,Descripcion serie 57,30/04/2016,http://imagen.com/LOG93WLV2MA5KY6DG
NYQ39PVW3KH4QN6PG,Serie 58,Descripcion serie 58,14/11/2005,http://imagen.com/NYQ39PVW3KH4QN6PG
BSB41OKC5NA4DG0RF,Serie 59,Descripcion serie 59,31/12/2004,http://imagen.com/BSB41OKC5NA4DG0RF
AUF54BLV7CS1AJ8TO,Serie 60,Descripcion serie 60,29/03/2018,http://imagen.com/AUF54BLV7CS1AJ8TO
TOA00UZS9CM2VF1ZI,Serie 61,Descripcion serie 61,27/11/2016,http://imagen.com/TOA00UZS9CM2VF1ZI
XIB02YCO2ZD3SO2LX,Serie 62,Descripcion serie 62,15/01/2019,http://imagen.com/XIB02YCO2ZD3SO2LX
WYB24IMX6VE0YT7PN,Serie 63,Descripcion serie 63,16/07/2018,http://imagen.com/WYB24IMX6VE0YT7PN
KNT18UWF3SG9CG6OL,Serie 64,Descripcion serie 64,6/02/2009,http://imagen.com/KNT18UWF3SG9CG6OL
XGW81CIA8SZ8PY3EJ,Serie 65,Descripcion serie 65,14/03/2014,http://imagen.com/XGW81CIA8SZ8PY3EJ
ZSI11CZQ4LT4OP8IT,Serie 66,Descripcion serie 66,29/09/2017,http://imagen.com/ZSI11CZQ4LT4OP8IT
ZVW24ZLK9LP6IS7KT,Serie 67,Descripcion serie 67,12/02/2014,http://imagen.com/ZVW24ZLK9LP6IS7KT
ZAB14VZJ1HQ6CH5VA,Serie 68,Descripcion serie 68,17/06/2008,http://imagen.com/ZAB14VZJ1HQ6CH5VA
EMS30HDN6KC8DH4JD,Serie 69,Descripcion serie 69,6/11/2009,http://imagen.com/EMS30HDN6KC8DH4JD
NST63TBU9HF4HI4WW,Serie 70,Descripcion serie 70,22/10/2017,http://imagen.com/NST63TBU9HF4HI4WW
OBT67PQE8DP6JR2OL,Serie 71,Descripcion serie 71,29/12/2009,http://imagen.com/OBT67PQE8DP6JR2OL
PXK71RAS0MW5EV3BQ,Serie 72,Descripcion serie 72,6/07/2015,http://imagen.com/PXK71RAS0MW5EV3BQ
NSK05XJI2RQ8ZL8CD,Serie 73,Descripcion serie 73,17/11/2012,http://imagen.com/NSK05XJI2RQ8ZL8CD
LXD86CTU0SR7IM5HT,Serie 74,Descripcion serie 74,23/11/2004,http://imagen.com/LXD86CTU0SR7IM5HT
EOK21JUK9XY1FV1JK,Serie 75,Descripcion serie 75,17/11/2011,http://imagen.com/EOK21JUK9XY1FV1JK
ISO31GVK8HF5ZV9IH,Serie 76,Descripcion serie 76,22/05/2020,http://imagen.com/ISO31GVK8HF5ZV9IH
IOB05OOC2TP7LF7PJ,Serie 77,Descripcion serie 77,29/03/2018,http://imagen.com/IOB05OOC2TP7LF7PJ
JMX67ZHF1EW3VW4DY,Serie 78,Descripcion serie 78,8/05/2020,http://imagen.com/JMX67ZHF1EW3VW4DY
QJK28WTG4FY2BY5IR,Serie 79,Descripcion serie 79,12/04/2011,http://imagen.com/QJK28WTG4FY2BY5IR
FUQ01SVD7RB9IC3EW,Serie 80,Descripcion serie 80,16/10/2018,http://imagen.com/FUQ01SVD7RB9IC3EW
EMF69IGF1KF1UK2XO,Serie 81,Descripcion serie 81,5/03/2017,http://imagen.com/EMF69IGF1KF1UK2XO
KDW72QUZ9PT8YV4KE,Serie 82,Descripcion serie 82,1/04/2016,http://imagen.com/KDW72QUZ9PT8YV4KE
BWQ02BZB8CW0WH2YG,Serie 83,Descripcion serie 83,21/07/2011,http://imagen.com/BWQ02BZB8CW0WH2YG
VDW67SWL5KZ1PR8CY,Serie 84,Descripcion serie 84,19/02/2009,http://imagen.com/VDW67SWL5KZ1PR8CY
EVZ43FRW9LF1FY3AR,Serie 85,Descripcion serie 85,20/08/2018,http://imagen.com/EVZ43FRW9LF1FY3AR
KNH85NOQ8ZJ7GW7IP,Serie 86,Descripcion serie 86,12/10/2010,http://imagen.com/KNH85NOQ8ZJ7GW7IP
FDH79LYA3YN4UF9OL,Serie 87,Descripcion serie 87,18/08/2018,http://imagen.com/FDH79LYA3YN4UF9OL
UTI44SIA5SU9NJ4FT,Serie 88,Descripcion serie 88,8/10/2006,http://imagen.com/UTI44SIA5SU9NJ4FT
AWK52ZMS0UJ2IH2BC,Serie 89,Descripcion serie 89,27/06/2017,http://imagen.com/AWK52ZMS0UJ2IH2BC
BHX63DXL7FM7VH0QE,Serie 90,Descripcion serie 90,18/01/2014,http://imagen.com/BHX63DXL7FM7VH0QE
GAM02EGU1XZ0TM0JZ,Serie 91,Descripcion serie 91,27/12/2010,http://imagen.com/GAM02EGU1XZ0TM0JZ
RLI46OTO8ET2CD1QC,Serie 92,Descripcion serie 92,3/01/2006,http://imagen.com/RLI46OTO8ET2CD1QC
TFK64GIM5XH6HK2BU,Serie 93,Descripcion serie 93,26/07/2006,http://imagen.com/TFK64GIM5XH6HK2BU
JLP13OJN1YH5YE7BY,Serie 94,Descripcion serie 94,6/05/2002,http://imagen.com/JLP13OJN1YH5YE7BY
NPX52SJX5CF3AV1LD,Serie 95,Descripcion serie 95,11/12/2018,http://imagen.com/NPX52SJX5CF3AV1LD
OSM76VIS1MY6SC5RD,Serie 96,Descripcion serie 96,29/06/2005,http://imagen.com/OSM76VIS1MY6SC5RD
GFS51QDV4NZ5VC3EK,Serie 97,Descripcion serie 97,16/12/2019,http://imagen.com/GFS51QDV4NZ5VC3EK
YHP32CBB9SI9LK9WO,Serie 98,Descripcion serie 98,22/12/2008,http://imagen.com/YHP32CBB9SI9LK9WO
DOP76OKU0OE7UA7RP,Serie 99,Descripcion serie 99,16/02/2001,http://imagen.com/DOP76OKU0OE7UA7RP
TQL90KHX8YH3XH8SD,Serie 100,Descripcion serie 100,26/08/2019,http://imagen.com/TQL90KHX8YH3XH8SD